"test-files/toy-input.xes","[2]","4","4","1","1.0","0","385"
"test-files/toy-input.xes","[2]","2","4","1","1.0","2","423"
"test-files/toy-input.xes","[2]","2","4","1","1.0","2","193"
"test-files/toy-input.xes","[2]","2","4","1","1.0","2","198"
"test-files/toy-input.xes","[2]","2","4","1","1.0","0","297"
"test-files/toy-input.xes","[2]","2","4","1","1.0","90","305"
"test-files/toy-input.xes","[2]","2","4","1","1.0","0","277"
"test-files/toy-input.xes","[2]","2","4","1","1.0","0","265"
"test-files/toy-input.xes","[2]","2","4","1","1.0","0","268"
"test-files/toy-input.xes","[2]","2","4","1","1.0","0","311"
"test-files/toy-input.xes","[2]","2","4","1","1.0","0","287"
"test-files/toy-input.xes","[2]","2","4","1","1.0","0","323"
"test-files/toy-input.xes","[2]","2","4","1","0.5","2","308"
"test-files/toy-input.xes","[2]","2","4","1","0.5","2","364"
"test-files/toy-input.xes","[2]","2","4","1","0.5","2","293"
"test-files/toy-input.xes","[2]","2","4","1","0.5","9","219"
"test-files/toy-input.xes","[2]","2","4","1","0.5","2","288"
"test-files/toy-input.xes","[1]","4","4","1","1.0","2","333"
"test-files/toy-input.xes","[1]","4","4","1","1.0","15","219"
"test-files/toy-input.xes","[1]","4","4","1","1.0","15","267"
"test-files/toy-input.xes","[2]","4","4","1","1.0","8","209"
"test-files/toy-input.xes","[2]","4","4","1","1.0","2","239"
"test-files/toy-input.xes","[2]","4","4","1","1.0","0","240"
"test-files/toy-input.xes","[2]","4","4","1","1.0","0","220"
"test-files/toy-input.xes","[2]","4","4","1","1.0","0","196"
"test-files/toy-input.xes","[2]","4","4","1","1.0","0","207"
"test-files/toy-input.xes","[2]","4","4","1","1.0","8","202"
"test-files/toy-input.xes","[2]","4","4","1","1.0","8","219"
"test-files/toy-input.xes","[2]","4","4","1","1.0","8","214"
"test-files/toy-input.xes","[2]","4","4","1","1.0","8","205"
"test-files/toy-input.xes","[2]","4","4","1","1.0","8","203"
"C:\Users\gdfe\OneDrive - Danmarks Tekniske Universitet\Dokumenter\vAMoS2\712morning.xes","[30]","30","30","10","0.9","177","14320"
"C:\Users\gdfe\OneDrive - Danmarks Tekniske Universitet\Dokumenter\vAMoS2\712morning.xes","[30]","30","30","10","0.9","177","5899"
"C:\Users\gdfe\OneDrive - Danmarks Tekniske Universitet\Dokumenter\vAMoS2\P1\P1.xes","6","0","2.0","0","242"
"C:\Users\gdfe\OneDrive - Danmarks Tekniske Universitet\Dokumenter\vAMoS2\P1\P1.xes","6","0","2.0","0","968"
"C:\Users\gdfe\OneDrive - Danmarks Tekniske Universitet\Dokumenter\UPV\Dataset_Iran\merged_nor.xes","15","5","0.7","0","2028"
"C:\Users\gdfe\OneDrive - Danmarks Tekniske Universitet\Dokumenter\UPV\Dataset_Iran\merged_nor.xes","7","4","0.7","0","1493"
"C:\Users\gdfe\OneDrive - Danmarks Tekniske Universitet\Dokumenter\UPV\Dataset_Iran\merged_nor.xes","7","6","0.7","72","1612"
"C:\Users\gdfe\OneDrive - Danmarks Tekniske Universitet\Dokumenter\UPV\Dataset_Iran\merged_nor.xes","5","2","0.7","0","1550"
"C:\Users\gdfe\OneDrive - Danmarks Tekniske Universitet\Dokumenter\UPV\Dataset_Iran\merged_nor.xes","5","2","0.5","0","1599"
"C:\Users\gdfe\OneDrive - Danmarks Tekniske Universitet\Dokumenter\UPV\Dataset_Iran\merged_nor.xes","5","3","0.5","73","1644"
"C:\Users\gdfe\OneDrive - Danmarks Tekniske Universitet\Dokumenter\UPV\Dataset_Iran\merged_nor.xes","5","3","0.5","6","1317"
"C:\Users\gdfe\OneDrive - Danmarks Tekniske Universitet\Dokumenter\UPV\Dataset_Iran\merged_nor.xes","10","3","0.5","0","1472"
"C:\Users\gdfe\OneDrive - Danmarks Tekniske Universitet\Dokumenter\UPV\Dataset_Iran\merged_nor.xes","10","3","0.5","0","1357"
"C:\Users\gdfe\OneDrive - Danmarks Tekniske Universitet\Dokumenter\UPV\Dataset_Iran\merged_nor.xes","5","2","0.5","0","1288"
"C:\Users\gdfe\OneDrive - Danmarks Tekniske Universitet\Dokumenter\UPV\Dataset_Iran\merged_nor.xes","4","1","0.5","56","1217"
"C:\Users\gdfe\OneDrive - Danmarks Tekniske Universitet\Dokumenter\vAMoS2\P1\P1.xes","6","0","2.0","0","298"
"C:\Users\gdfe\OneDrive - Danmarks Tekniske Universitet\Dokumenter\vAMoS2\P1\P1.xes","6","0","1.0","54","262"
"C:\Users\gdfe\OneDrive - Danmarks Tekniske Universitet\Dokumenter\vAMoS2\testLogs\base_case.xes","2","0","1.0","6","589"
"C:\Users\gdfe\OneDrive - Danmarks Tekniske Universitet\Dokumenter\vAMoS2\testLogs\base_case.xes","2","0","1.0","6","547"
"C:\Users\gdfe\OneDrive - Danmarks Tekniske Universitet\Dokumenter\vAMoS2\testLogs\base_case.xes","2","0","1.0","6","533"
"C:\Users\gdfe\OneDrive - Danmarks Tekniske Universitet\Dokumenter\vAMoS2\testLogs\base_case.xes","2","0","1.0","6","628"
"C:\Users\gdfe\OneDrive - Danmarks Tekniske Universitet\Dokumenter\vAMoS2\testLogs\base_case.xes","2","0","1.0","6","531"
"C:\Users\gdfe\OneDrive - Danmarks Tekniske Universitet\Dokumenter\vAMoS2\testLogs\base_case.xes","2","0","1.0","6","232"
"C:\Users\gdfe\OneDrive - Danmarks Tekniske Universitet\Dokumenter\vAMoS2\testLogs\base_case.xes","2","0","1.0","6","205"
"C:\Users\gdfe\OneDrive - Danmarks Tekniske Universitet\Dokumenter\vAMoS2\testLogs\base_case.xes","2","0","1.0","6","209"
"C:\Users\gdfe\OneDrive - Danmarks Tekniske Universitet\Dokumenter\vAMoS2\testLogs\base_case.xes","4","0","1.0","7","254"
"C:\Users\gdfe\OneDrive - Danmarks Tekniske Universitet\Dokumenter\vAMoS2\testLogs\base_case.xes","4","0","1.0","7","328"
"C:\Users\gdfe\OneDrive - Danmarks Tekniske Universitet\Dokumenter\vAMoS2\testLogs\base_case.xes","4","0","1.0","7","454"
"C:\Users\gdfe\OneDrive - Danmarks Tekniske Universitet\Dokumenter\vAMoS2\testLogs\base_case.xes","4","0","1.0","3","215"
"C:\Users\gdfe\OneDrive - Danmarks Tekniske Universitet\Dokumenter\vAMoS2\testLogs\base_case.xes","4","0","1.0","3","193"
"C:\Users\gdfe\OneDrive - Danmarks Tekniske Universitet\Dokumenter\vAMoS2\testLogs\base_case.xes","4","0","1.0","3","206"
"C:\Users\gdfe\OneDrive - Danmarks Tekniske Universitet\Dokumenter\vAMoS2\testLogs\base_case.xes","4","0","1.0","3","218"
"C:\Users\gdfe\OneDrive - Danmarks Tekniske Universitet\Dokumenter\vAMoS2\testLogs\base_case.xes","4","0","1.0","1","207"
"C:\Users\gdfe\OneDrive - Danmarks Tekniske Universitet\Dokumenter\vAMoS2\testLogs\base_case.xes","4","0","1.0","1","208"
"C:\Users\gdfe\OneDrive - Danmarks Tekniske Universitet\Dokumenter\vAMoS2\testLogs\base_case.xes","4","0","1.0","1","227"
"C:\Users\gdfe\OneDrive - Danmarks Tekniske Universitet\Dokumenter\vAMoS2\testLogs\base_case.xes","4","0","1.0","1","238"
"C:\Users\gdfe\OneDrive - Danmarks Tekniske Universitet\Dokumenter\vAMoS2\testLogs\base_case.xes","4","0","1.0","1","212"
"C:\Users\gdfe\OneDrive - Danmarks Tekniske Universitet\Dokumenter\vAMoS2\testLogs\variation1.xes","4","0","1.0","1","205"
"C:\Users\gdfe\OneDrive - Danmarks Tekniske Universitet\Dokumenter\vAMoS2\testLogs\variation1.xes","4","0","1.0","1","207"
"C:\Users\gdfe\OneDrive - Danmarks Tekniske Universitet\Dokumenter\vAMoS2\testLogs\variation1.xes","4","0","1.0","1","240"
"C:\Users\gdfe\OneDrive - Danmarks Tekniske Universitet\Dokumenter\vAMoS2\testLogs\variation1.xes","4","0","1.0","1","216"
"C:\Users\gdfe\OneDrive - Danmarks Tekniske Universitet\Dokumenter\vAMoS2\testLogs\variation1.xes","4","0","1.0","1","225"
"C:\Users\gdfe\OneDrive - Danmarks Tekniske Universitet\Dokumenter\vAMoS2\testLogs\variation1.xes","4","0","1.0","1","212"
"C:\Users\gdfe\OneDrive - Danmarks Tekniske Universitet\Dokumenter\vAMoS2\testLogs\variation1.xes","4","0","1.0","1","219"
"C:\Users\gdfe\OneDrive - Danmarks Tekniske Universitet\Dokumenter\vAMoS2\testLogs\variation1.xes","4","0","1.0","1","219"
"C:\Users\gdfe\OneDrive - Danmarks Tekniske Universitet\Dokumenter\vAMoS2\testLogs\variation1.xes","4","0","1.0","1","219"
"C:\Users\gdfe\OneDrive - Danmarks Tekniske Universitet\Dokumenter\vAMoS2\testLogs\variation1.xes","4","0","1.0","0","210"
"C:\Users\gdfe\OneDrive - Danmarks Tekniske Universitet\Dokumenter\vAMoS2\testLogs\variation1.xes","4","0","1.0","0","202"
"C:\Users\gdfe\OneDrive - Danmarks Tekniske Universitet\Dokumenter\vAMoS2\testLogs\variation1.xes","4","0","1.0","0","211"
"C:\Users\gdfe\OneDrive - Danmarks Tekniske Universitet\Dokumenter\vAMoS2\testLogs\variation1.xes","4","0","1.0","0","552"
"C:\Users\gdfe\OneDrive - Danmarks Tekniske Universitet\Dokumenter\vAMoS2\testLogs\variation1.xes","4","0","1.0","0","600"
"C:\Users\gdfe\OneDrive - Danmarks Tekniske Universitet\Dokumenter\vAMoS2\testLogs\variation1.xes","4","0","1.0","1","529"
"C:\Users\gdfe\OneDrive - Danmarks Tekniske Universitet\Dokumenter\vAMoS2\testLogs\variation1.xes","4","0","1.0","1","656"
"C:\Users\gdfe\OneDrive - Danmarks Tekniske Universitet\Dokumenter\vAMoS2\testLogs\variation1.xes","4","0","1.0","1","537"
"C:\Users\gdfe\OneDrive - Danmarks Tekniske Universitet\Dokumenter\vAMoS2\testLogs\variation1.xes","4","0","1.0","1","586"
"C:\Users\gdfe\OneDrive - Danmarks Tekniske Universitet\Dokumenter\vAMoS2\testLogs\variation1.xes","4","0","1.0","1","603"
"C:\Users\gdfe\OneDrive - Danmarks Tekniske Universitet\Dokumenter\vAMoS2\testLogs\variation1.xes","4","0","1.0","2","610"
"C:\Users\gdfe\OneDrive - Danmarks Tekniske Universitet\Dokumenter\vAMoS2\testLogs\variation1.xes","4","0","1.0","2","542"
"C:\Users\gdfe\OneDrive - Danmarks Tekniske Universitet\Dokumenter\vAMoS2\testLogs\variation1.xes","4","0","1.0","2","508"
"C:\Users\gdfe\OneDrive - Danmarks Tekniske Universitet\Dokumenter\vAMoS2\testLogs\variation1.xes","4","0","1.0","2","513"
"C:\Users\gdfe\OneDrive - Danmarks Tekniske Universitet\Dokumenter\vAMoS2\testLogs\variation1.xes","4","0","1.0","2","608"
"C:\Users\gdfe\OneDrive - Danmarks Tekniske Universitet\Dokumenter\vAMoS2\testLogs\variation1.xes","4","0","1.0","2","520"
"C:\Users\gdfe\OneDrive - Danmarks Tekniske Universitet\Dokumenter\vAMoS2\testLogs\variation1.xes","4","0","1.0","6","757"
"C:\Users\gdfe\OneDrive - Danmarks Tekniske Universitet\Dokumenter\vAMoS2\testLogs\variation1.xes","4","0","1.0","6","515"
"C:\Users\gdfe\OneDrive - Danmarks Tekniske Universitet\Dokumenter\vAMoS2\testLogs\variation1.xes","4","0","1.0","6","574"
"C:\Users\gdfe\OneDrive - Danmarks Tekniske Universitet\Dokumenter\vAMoS2\testLogs\variation1.xes","4","0","1.0","6","542"
"C:\Users\gdfe\OneDrive - Danmarks Tekniske Universitet\Dokumenter\vAMoS2\testLogs\variation1.xes","4","0","1.0","6","552"
"C:\Users\gdfe\OneDrive - Danmarks Tekniske Universitet\Dokumenter\vAMoS2\testLogs\variation1.xes","4","0","1.0","6","633"
"C:\Users\gdfe\OneDrive - Danmarks Tekniske Universitet\Dokumenter\vAMoS2\testLogs\variation1.xes","4","0","1.0","6","573"
"C:\Users\gdfe\OneDrive - Danmarks Tekniske Universitet\Dokumenter\vAMoS2\testLogs\variation1.xes","4","0","1.0","6","624"
"C:\Users\gdfe\OneDrive - Danmarks Tekniske Universitet\Dokumenter\vAMoS2\testLogs\variation1.xes","4","0","1.0","6","551"
"C:\Users\gdfe\OneDrive - Danmarks Tekniske Universitet\Dokumenter\vAMoS2\testLogs\variation1.xes","4","0","1.0","0","710"
"C:\Users\gdfe\OneDrive - Danmarks Tekniske Universitet\Dokumenter\vAMoS2\testLogs\variation1.xes","4","0","1.0","0","558"
"C:\Users\gdfe\OneDrive - Danmarks Tekniske Universitet\Dokumenter\vAMoS2\testLogs\variation1.xes","4","0","1.0","0","617"
"C:\Users\gdfe\OneDrive - Danmarks Tekniske Universitet\Dokumenter\vAMoS2\testLogs\variation1.xes","4","0","1.0","0","670"
"C:\Users\gdfe\OneDrive - Danmarks Tekniske Universitet\Dokumenter\vAMoS2\testLogs\variation1.xes","4","0","1.0","0","629"
"C:\Users\gdfe\OneDrive - Danmarks Tekniske Universitet\Dokumenter\vAMoS2\testLogs\variation1.xes","4","0","1.0","0","221"
"C:\Users\gdfe\OneDrive - Danmarks Tekniske Universitet\Dokumenter\vAMoS2\testLogs\variation1.xes","4","0","1.0","0","212"
"C:\Users\gdfe\OneDrive - Danmarks Tekniske Universitet\Dokumenter\vAMoS2\testLogs\variation1.xes","4","0","1.0","0","223"
"C:\Users\gdfe\OneDrive - Danmarks Tekniske Universitet\Dokumenter\vAMoS2\testLogs\variation1.xes","4","0","1.0","1","237"
"C:\Users\gdfe\OneDrive - Danmarks Tekniske Universitet\Dokumenter\vAMoS2\testLogs\variation1.xes","4","0","1.0","1","217"
"C:\Users\gdfe\OneDrive - Danmarks Tekniske Universitet\Dokumenter\vAMoS2\testLogs\variation1.xes","4","0","1.0","0","222"
"C:\Users\gdfe\OneDrive - Danmarks Tekniske Universitet\Dokumenter\vAMoS2\testLogs\variation1.xes","4","0","1.0","0","210"
"C:\Users\gdfe\OneDrive - Danmarks Tekniske Universitet\Dokumenter\vAMoS2\testLogs\variation1.xes","4","0","1.0","0","218"
"C:\Users\gdfe\OneDrive - Danmarks Tekniske Universitet\Dokumenter\vAMoS2\testLogs\variation1.xes","4","0","1.0","0","212"
"C:\Users\gdfe\OneDrive - Danmarks Tekniske Universitet\Dokumenter\vAMoS2\testLogs\variation1.xes","4","0","1.0","0","233"
"C:\Users\gdfe\OneDrive - Danmarks Tekniske Universitet\Dokumenter\vAMoS2\testLogs\variation1.xes","4","0","1.0","0","214"
"C:\Users\gdfe\OneDrive - Danmarks Tekniske Universitet\Dokumenter\vAMoS2\testLogs\variation1.xes","4","0","1.0","0","209"
"C:\Users\gdfe\OneDrive - Danmarks Tekniske Universitet\Dokumenter\vAMoS2\testLogs\variation1.xes","4","0","1.0","0","218"
"C:\Users\gdfe\OneDrive - Danmarks Tekniske Universitet\Dokumenter\vAMoS2\testLogs\variation1.xes","4","0","1.0","0","221"
"C:\Users\gdfe\OneDrive - Danmarks Tekniske Universitet\Dokumenter\vAMoS2\testLogs\variation1.xes","4","0","1.0","0","226"
"C:\Users\gdfe\OneDrive - Danmarks Tekniske Universitet\Dokumenter\vAMoS2\testLogs\variation1.xes","4","0","1.0","0","215"
"C:\Users\gdfe\OneDrive - Danmarks Tekniske Universitet\Dokumenter\vAMoS2\testLogs\variation1.xes","4","0","1.0","1","218"
"C:\Users\gdfe\OneDrive - Danmarks Tekniske Universitet\Dokumenter\vAMoS2\testLogs\variation1.xes","4","0","1.0","1","225"
"C:\Users\gdfe\OneDrive - Danmarks Tekniske Universitet\Dokumenter\vAMoS2\testLogs\variation1.xes","4","0","1.0","1","217"
"C:\Users\gdfe\OneDrive - Danmarks Tekniske Universitet\Dokumenter\vAMoS2\testLogs\variation1.xes","4","0","1.0","0","220"
"C:\Users\gdfe\OneDrive - Danmarks Tekniske Universitet\Dokumenter\vAMoS2\testLogs\variation1.xes","4","0","1.0","0","207"
"C:\Users\gdfe\OneDrive - Danmarks Tekniske Universitet\Dokumenter\vAMoS2\testLogs\variation1.xes","4","0","1.0","1","215"
"C:\Users\gdfe\OneDrive - Danmarks Tekniske Universitet\Dokumenter\vAMoS2\testLogs\variation1.xes","4","0","1.0","0","213"
"C:\Users\gdfe\OneDrive - Danmarks Tekniske Universitet\Dokumenter\vAMoS2\testLogs\variation1.xes","4","0","1.0","1","230"
"C:\Users\gdfe\OneDrive - Danmarks Tekniske Universitet\Dokumenter\vAMoS2\testLogs\variation1.xes","4","0","1.0","1","270"
"C:\Users\gdfe\OneDrive - Danmarks Tekniske Universitet\Dokumenter\vAMoS2\testLogs\variation1.xes","4","0","1.0","1","220"
"C:\Users\gdfe\OneDrive - Danmarks Tekniske Universitet\Dokumenter\vAMoS2\testLogs\variation1.xes","4","0","1.0","0","217"
"C:\Users\gdfe\OneDrive - Danmarks Tekniske Universitet\Dokumenter\vAMoS2\testLogs\variation1.xes","4","0","1.0","1","208"
"C:\Users\gdfe\OneDrive - Danmarks Tekniske Universitet\Dokumenter\vAMoS2\testLogs\variation1.xes","4","0","1.0","0","232"
"C:\Users\gdfe\OneDrive - Danmarks Tekniske Universitet\Dokumenter\vAMoS2\testLogs\variation1.xes","4","0","1.0","1","210"
"C:\Users\gdfe\OneDrive - Danmarks Tekniske Universitet\Dokumenter\vAMoS2\testLogs\variation1.xes","4","0","1.0","0","239"
"C:\Users\gdfe\OneDrive - Danmarks Tekniske Universitet\Dokumenter\vAMoS2\testLogs\variation1.xes","4","0","1.0","0","275"
"C:\Users\gdfe\OneDrive - Danmarks Tekniske Universitet\Dokumenter\vAMoS2\testLogs\variation1.xes","4","0","1.0","0","215"
"C:\Users\gdfe\OneDrive - Danmarks Tekniske Universitet\Dokumenter\vAMoS2\testLogs\variation1.xes","4","0","1.0","0","212"
"C:\Users\gdfe\OneDrive - Danmarks Tekniske Universitet\Dokumenter\vAMoS2\testLogs\variation1.xes","4","0","1.0","0","251"
"C:\Users\gdfe\OneDrive - Danmarks Tekniske Universitet\Dokumenter\vAMoS2\testLogs\variation1.xes","4","0","1.0","0","227"
"C:\Users\gdfe\OneDrive - Danmarks Tekniske Universitet\Dokumenter\vAMoS2\testLogs\variation1.xes","4","0","1.0","0","214"
"C:\Users\gdfe\OneDrive - Danmarks Tekniske Universitet\Dokumenter\vAMoS2\testLogs\variation1.xes","4","0","1.0","0","222"
"C:\Users\gdfe\OneDrive - Danmarks Tekniske Universitet\Dokumenter\vAMoS2\testLogs\variation1.xes","4","0","1.0","0","218"
"C:\Users\gdfe\OneDrive - Danmarks Tekniske Universitet\Dokumenter\vAMoS2\testLogs\variation1.xes","4","0","1.0","0","214"
"C:\Users\gdfe\OneDrive - Danmarks Tekniske Universitet\Dokumenter\vAMoS2\testLogs\variation1.xes","4","0","1.0","0","230"
"C:\Users\gdfe\OneDrive - Danmarks Tekniske Universitet\Dokumenter\vAMoS2\testLogs\variation1.xes","4","0","1.0","0","213"
"C:\Users\gdfe\OneDrive - Danmarks Tekniske Universitet\Dokumenter\vAMoS2\testLogs\variation1.xes","4","0","1.0","0","220"
"C:\Users\gdfe\OneDrive - Danmarks Tekniske Universitet\Dokumenter\vAMoS2\testLogs\variation1.xes","4","0","1.0","0","224"
"C:\Users\gdfe\OneDrive - Danmarks Tekniske Universitet\Dokumenter\vAMoS2\testLogs\variation1.xes","4","0","1.0","0","218"
"C:\Users\gdfe\OneDrive - Danmarks Tekniske Universitet\Dokumenter\vAMoS2\testLogs\variation1.xes","4","0","1.0","0","257"
"C:\Users\gdfe\OneDrive - Danmarks Tekniske Universitet\Dokumenter\vAMoS2\testLogs\variation1.xes","4","0","1.0","0","217"
"C:\Users\gdfe\OneDrive - Danmarks Tekniske Universitet\Dokumenter\vAMoS2\testLogs\variation1.xes","4","0","1.0","0","216"
"C:\Users\gdfe\OneDrive - Danmarks Tekniske Universitet\Dokumenter\vAMoS2\testLogs\variation1.xes","4","0","1.0","0","214"
"C:\Users\gdfe\OneDrive - Danmarks Tekniske Universitet\Dokumenter\vAMoS2\testLogs\variation1.xes","4","0","1.0","0","229"
"C:\Users\gdfe\OneDrive - Danmarks Tekniske Universitet\Dokumenter\vAMoS2\testLogs\variation1.xes","4","0","1.0","0","217"
"C:\Users\gdfe\OneDrive - Danmarks Tekniske Universitet\Dokumenter\vAMoS2\testLogs\variation1.xes","4","0","1.0","1","231"
"C:\Users\gdfe\OneDrive - Danmarks Tekniske Universitet\Dokumenter\vAMoS2\testLogs\variation1.xes","4","0","1.0","0","215"
"C:\Users\gdfe\OneDrive - Danmarks Tekniske Universitet\Dokumenter\vAMoS2\testLogs\variation1.xes","4","0","1.0","0","254"
"C:\Users\gdfe\OneDrive - Danmarks Tekniske Universitet\Dokumenter\vAMoS2\testLogs\variation1.xes","4","0","1.0","0","224"
"C:\Users\gdfe\OneDrive - Danmarks Tekniske Universitet\Dokumenter\vAMoS2\testLogs\variation1.xes","4","0","1.0","0","756"
"C:\Users\gdfe\OneDrive - Danmarks Tekniske Universitet\Dokumenter\vAMoS2\testLogs\variation1.xes","4","0","1.0","0","667"
"C:\Users\gdfe\OneDrive - Danmarks Tekniske Universitet\Dokumenter\vAMoS2\testLogs\variation1.xes","4","0","1.0","0","641"
"C:\Users\gdfe\OneDrive - Danmarks Tekniske Universitet\Dokumenter\vAMoS2\testLogs\variation1.xes","4","0","1.0","0","700"
"C:\Users\gdfe\OneDrive - Danmarks Tekniske Universitet\Dokumenter\vAMoS2\testLogs\variation1.xes","4","0","1.0","1","626"
"C:\Users\gdfe\OneDrive - Danmarks Tekniske Universitet\Dokumenter\vAMoS2\testLogs\variation1.xes","4","0","1.0","1","558"
"C:\Users\gdfe\OneDrive - Danmarks Tekniske Universitet\Dokumenter\vAMoS2\testLogs\variation1.xes","4","0","1.0","1","553"
"C:\Users\gdfe\OneDrive - Danmarks Tekniske Universitet\Dokumenter\vAMoS2\testLogs\variation1.xes","4","0","1.0","1","544"
"C:\Users\gdfe\OneDrive - Danmarks Tekniske Universitet\Dokumenter\vAMoS2\testLogs\variation1.xes","4","0","1.0","0","580"
"C:\Users\gdfe\OneDrive - Danmarks Tekniske Universitet\Dokumenter\vAMoS2\testLogs\variation1.xes","4","0","1.0","0","525"
"C:\Users\gdfe\OneDrive - Danmarks Tekniske Universitet\Dokumenter\vAMoS2\testLogs\variation1.xes","4","0","1.0","0","666"
"C:\Users\gdfe\OneDrive - Danmarks Tekniske Universitet\Dokumenter\vAMoS2\testLogs\variation1.xes","4","0","1.0","0","786"
"C:\Users\gdfe\OneDrive - Danmarks Tekniske Universitet\Dokumenter\vAMoS2\testLogs\variation1.xes","4","0","1.0","0","627"
"C:\Users\gdfe\OneDrive - Danmarks Tekniske Universitet\Dokumenter\vAMoS2\testLogs\variation1.xes","4","0","1.0","0","784"
"C:\Users\gdfe\OneDrive - Danmarks Tekniske Universitet\Dokumenter\vAMoS2\testLogs\variation1.xes","4","0","1.0","0","666"
"C:\Users\gdfe\OneDrive - Danmarks Tekniske Universitet\Dokumenter\vAMoS2\testLogs\variation1.xes","4","0","1.0","0","549"
"C:\Users\gdfe\OneDrive - Danmarks Tekniske Universitet\Dokumenter\vAMoS2\testLogs\variation1.xes","4","0","1.0","0","675"
"C:\Users\gdfe\OneDrive - Danmarks Tekniske Universitet\Dokumenter\vAMoS2\testLogs\variation1.xes","4","0","1.0","0","649"
"C:\Users\gdfe\OneDrive - Danmarks Tekniske Universitet\Dokumenter\vAMoS2\testLogs\variation1.xes","4","0","1.0","0","560"
"C:\Users\gdfe\OneDrive - Danmarks Tekniske Universitet\Dokumenter\vAMoS2\testLogs\variation1.xes","4","0","1.0","0","785"
"C:\Users\gdfe\OneDrive - Danmarks Tekniske Universitet\Dokumenter\vAMoS2\testLogs\variation1.xes","4","0","1.0","0","654"
"C:\Users\gdfe\OneDrive - Danmarks Tekniske Universitet\Dokumenter\vAMoS2\testLogs\variation1.xes","4","0","1.0","0","662"
"C:\Users\gdfe\OneDrive - Danmarks Tekniske Universitet\Dokumenter\vAMoS2\testLogs\variation1.xes","4","0","1.0","0","667"
"C:\Users\gdfe\OneDrive - Danmarks Tekniske Universitet\Dokumenter\vAMoS2\testLogs\variation1.xes","4","0","1.0","1","647"
"C:\Users\gdfe\OneDrive - Danmarks Tekniske Universitet\Dokumenter\vAMoS2\testLogs\variation1.xes","4","0","1.0","1","653"
"C:\Users\gdfe\OneDrive - Danmarks Tekniske Universitet\Dokumenter\vAMoS2\testLogs\variation1.xes","4","0","1.0","1","541"
"C:\Users\gdfe\OneDrive - Danmarks Tekniske Universitet\Dokumenter\vAMoS2\testLogs\variation1.xes","4","0","1.0","1","562"
"C:\Users\gdfe\OneDrive - Danmarks Tekniske Universitet\Dokumenter\vAMoS2\testLogs\variation1.xes","4","0","1.0","1","610"
"C:\Users\gdfe\OneDrive - Danmarks Tekniske Universitet\Dokumenter\vAMoS2\testLogs\variation1.xes","4","0","1.0","0","583"
"C:\Users\gdfe\OneDrive - Danmarks Tekniske Universitet\Dokumenter\vAMoS2\testLogs\variation1.xes","4","0","1.0","1","691"
"C:\Users\gdfe\OneDrive - Danmarks Tekniske Universitet\Dokumenter\vAMoS2\testLogs\variation1.xes","4","0","1.0","0","779"
"C:\Users\gdfe\OneDrive - Danmarks Tekniske Universitet\Dokumenter\vAMoS2\testLogs\variation1.xes","4","0","1.0","0","856"
"C:\Users\gdfe\OneDrive - Danmarks Tekniske Universitet\Dokumenter\vAMoS2\testLogs\variation1.xes","4","0","1.0","0","835"
"C:\Users\gdfe\OneDrive - Danmarks Tekniske Universitet\Dokumenter\vAMoS2\testLogs\variation1.xes","4","0","0.6","1","273"
"C:\Users\gdfe\OneDrive - Danmarks Tekniske Universitet\Dokumenter\vAMoS2\testLogs\variation1.xes","4","0","0.6","1","233"
"C:\Users\gdfe\OneDrive - Danmarks Tekniske Universitet\Dokumenter\vAMoS2\testLogs\variation1.xes","4","0","0.6","1","251"
"C:\Users\gdfe\OneDrive - Danmarks Tekniske Universitet\Dokumenter\vAMoS2\testLogs\variation1.xes","4","0","0.6","1","226"
"C:\Users\gdfe\OneDrive - Danmarks Tekniske Universitet\Dokumenter\vAMoS2\testLogs\variation1.xes","4","0","0.6","1","224"
"C:\Users\gdfe\OneDrive - Danmarks Tekniske Universitet\Dokumenter\vAMoS2\testLogs\variation1.xes","4","0","0.6","1","212"
"C:\Users\gdfe\OneDrive - Danmarks Tekniske Universitet\Dokumenter\vAMoS2\testLogs\variation1.xes","4","0","0.6","1","214"
"C:\Users\gdfe\OneDrive - Danmarks Tekniske Universitet\Dokumenter\vAMoS2\testLogs\variation1.xes","4","0","0.6","1","219"
"C:\Users\gdfe\OneDrive - Danmarks Tekniske Universitet\Dokumenter\vAMoS2\testLogs\variation1.xes","4","0","0.6","1","230"
"C:\Users\gdfe\OneDrive - Danmarks Tekniske Universitet\Dokumenter\vAMoS2\testLogs\variation1.xes","4","0","0.6","1","230"
"C:\Users\gdfe\OneDrive - Danmarks Tekniske Universitet\Dokumenter\vAMoS2\testLogs\variation1.xes","4","0","0.6","2","233"
"C:\Users\gdfe\OneDrive - Danmarks Tekniske Universitet\Dokumenter\vAMoS2\testLogs\variation1.xes","4","0","0.6","2","210"
"C:\Users\gdfe\OneDrive - Danmarks Tekniske Universitet\Dokumenter\vAMoS2\testLogs\variation1.xes","4","0","0.6","2","216"
"C:\Users\gdfe\OneDrive - Danmarks Tekniske Universitet\Dokumenter\vAMoS2\testLogs\variation1.xes","4","0","0.6","2","672"
"C:\Users\gdfe\OneDrive - Danmarks Tekniske Universitet\Dokumenter\vAMoS2\testLogs\variation1.xes","4","0","0.6","0","510"
"C:\Users\gdfe\OneDrive - Danmarks Tekniske Universitet\Dokumenter\vAMoS2\testLogs\variation1.xes","4","0","0.6","2","624"
"C:\Users\gdfe\OneDrive - Danmarks Tekniske Universitet\Dokumenter\vAMoS2\testLogs\variation1.xes","4","0","0.6","0","562"
"C:\Users\gdfe\OneDrive - Danmarks Tekniske Universitet\Dokumenter\vAMoS2\testLogs\variation1.xes","4","0","0.6","2","607"
"C:\Users\gdfe\OneDrive - Danmarks Tekniske Universitet\Dokumenter\vAMoS2\testLogs\variation1.xes","4","0","0.6","2","213"
"C:\Users\gdfe\OneDrive - Danmarks Tekniske Universitet\Dokumenter\vAMoS2\testLogs\variation1.xes","4","0","0.6","2","209"
"C:\Users\gdfe\OneDrive - Danmarks Tekniske Universitet\Dokumenter\vAMoS2\testLogs\variation1.xes","4","0","0.6","2","210"
"C:\Users\gdfe\OneDrive - Danmarks Tekniske Universitet\Dokumenter\vAMoS2\testLogs\variation1.xes","4","0","0.6","2","207"
"C:\Users\gdfe\OneDrive - Danmarks Tekniske Universitet\Dokumenter\vAMoS2\testLogs\variation1.xes","4","0","0.6","2","211"
"C:\Users\gdfe\OneDrive - Danmarks Tekniske Universitet\Dokumenter\vAMoS2\testLogs\variation1.xes","4","0","0.6","2","212"
"C:\Users\gdfe\OneDrive - Danmarks Tekniske Universitet\Dokumenter\vAMoS2\testLogs\variation1.xes","4","0","0.6","2","227"
"C:\Users\gdfe\OneDrive - Danmarks Tekniske Universitet\Dokumenter\vAMoS2\testLogs\variation1.xes","4","0","0.6","2","225"
"C:\Users\gdfe\OneDrive - Danmarks Tekniske Universitet\Dokumenter\vAMoS2\testLogs\variation1.xes","4","0","0.6","2","226"
"C:\Users\gdfe\OneDrive - Danmarks Tekniske Universitet\Dokumenter\vAMoS2\testLogs\variation1.xes","4","0","0.6","2","216"
"C:\Users\gdfe\OneDrive - Danmarks Tekniske Universitet\Dokumenter\vAMoS2\testLogs\variation1.xes","4","0","0.6","2","218"
"C:\Users\gdfe\OneDrive - Danmarks Tekniske Universitet\Dokumenter\vAMoS2\testLogs\variation1.xes","4","0","0.6","2","210"
"C:\Users\gdfe\OneDrive - Danmarks Tekniske Universitet\Dokumenter\vAMoS2\testLogs\variation1.xes","4","0","1.0","0","208"
"C:\Users\gdfe\OneDrive - Danmarks Tekniske Universitet\Dokumenter\vAMoS2\testLogs\variation1.xes","4","0","0.6","2","236"
"C:\Users\gdfe\OneDrive - Danmarks Tekniske Universitet\Dokumenter\vAMoS2\testLogs\variation1.xes","4","0","0.6","2","311"
"C:\Users\gdfe\OneDrive - Danmarks Tekniske Universitet\Dokumenter\vAMoS2\testLogs\variation1.xes","4","0","0.6","2","262"
"C:\Users\gdfe\OneDrive - Danmarks Tekniske Universitet\Dokumenter\vAMoS2\testLogs\variation1.xes","4","0","0.6","2","214"
"C:\Users\gdfe\OneDrive - Danmarks Tekniske Universitet\Dokumenter\vAMoS2\testLogs\variation1.xes","4","0","0.6","2","213"
"C:\Users\gdfe\OneDrive - Danmarks Tekniske Universitet\Dokumenter\vAMoS2\testLogs\variation1.xes","4","0","0.6","2","220"
"C:\Users\gdfe\OneDrive - Danmarks Tekniske Universitet\Dokumenter\vAMoS2\testLogs\variation1.xes","4","0","0.6","2","233"
"C:\Users\gdfe\OneDrive - Danmarks Tekniske Universitet\Dokumenter\vAMoS2\testLogs\variation1.xes","4","0","0.6","2","221"
"C:\Users\gdfe\OneDrive - Danmarks Tekniske Universitet\Dokumenter\vAMoS2\testLogs\variation1.xes","4","0","0.6","2","226"
"C:\Users\gdfe\OneDrive - Danmarks Tekniske Universitet\Dokumenter\vAMoS2\testLogs\variation1.xes","4","0","0.6","2","246"
"C:\Users\gdfe\OneDrive - Danmarks Tekniske Universitet\Dokumenter\vAMoS2\testLogs\variation1.xes","4","0","0.6","2","224"
"C:\Users\gdfe\OneDrive - Danmarks Tekniske Universitet\Dokumenter\vAMoS2\testLogs\variation1.xes","4","0","0.6","2","243"
"C:\Users\gdfe\OneDrive - Danmarks Tekniske Universitet\Dokumenter\vAMoS2\testLogs\variation1.xes","4","0","0.6","8","617"
"C:\Users\gdfe\OneDrive - Danmarks Tekniske Universitet\Dokumenter\vAMoS2\testLogs\variation1.xes","4","0","0.6","8","634"
"C:\Users\gdfe\OneDrive - Danmarks Tekniske Universitet\Dokumenter\vAMoS2\testLogs\variation1.xes","4","0","0.6","8","591"
"C:\Users\gdfe\OneDrive - Danmarks Tekniske Universitet\Dokumenter\vAMoS2\testLogs\variation1.xes","4","0","0.6","8","619"
"C:\Users\gdfe\OneDrive - Danmarks Tekniske Universitet\Dokumenter\vAMoS2\testLogs\variation1.xes","4","0","0.6","8","596"
"C:\Users\gdfe\OneDrive - Danmarks Tekniske Universitet\Dokumenter\vAMoS2\testLogs\variation1.xes","4","0","0.6","8","599"
"C:\Users\gdfe\OneDrive - Danmarks Tekniske Universitet\Dokumenter\vAMoS2\testLogs\variation1.xes","4","0","0.6","8","578"
"C:\Users\gdfe\OneDrive - Danmarks Tekniske Universitet\Dokumenter\vAMoS2\testLogs\variation1.xes","4","0","0.6","8","579"
"C:\Users\gdfe\OneDrive - Danmarks Tekniske Universitet\Dokumenter\vAMoS2\testLogs\variation1.xes","4","0","0.6","8","223"
"C:\Users\gdfe\OneDrive - Danmarks Tekniske Universitet\Dokumenter\vAMoS2\testLogs\variation1.xes","4","0","0.6","8","224"
"C:\Users\gdfe\OneDrive - Danmarks Tekniske Universitet\Dokumenter\vAMoS2\testLogs\variation1.xes","4","0","0.6","8","214"
"C:\Users\gdfe\OneDrive - Danmarks Tekniske Universitet\Dokumenter\vAMoS2\testLogs\variation1.xes","4","0","0.6","7","218"
"C:\Users\gdfe\OneDrive - Danmarks Tekniske Universitet\Dokumenter\vAMoS2\testLogs\variation1.xes","4","0","0.6","7","223"
"C:\Users\gdfe\OneDrive - Danmarks Tekniske Universitet\Dokumenter\vAMoS2\testLogs\variation1.xes","4","0","0.6","7","215"
"C:\Users\gdfe\OneDrive - Danmarks Tekniske Universitet\Dokumenter\vAMoS2\testLogs\variation1.xes","4","0","0.6","7","230"
"C:\Users\gdfe\OneDrive - Danmarks Tekniske Universitet\Dokumenter\vAMoS2\testLogs\variation1.xes","4","0","0.6","7","217"
"C:\Users\gdfe\OneDrive - Danmarks Tekniske Universitet\Dokumenter\vAMoS2\testLogs\variation1.xes","4","0","0.6","7","221"
"C:\Users\gdfe\OneDrive - Danmarks Tekniske Universitet\Dokumenter\vAMoS2\testLogs\variation1.xes","4","0","0.6","7","231"
"C:\Users\gdfe\OneDrive - Danmarks Tekniske Universitet\Dokumenter\vAMoS2\testLogs\variation1.xes","4","0","0.6","7","225"
"C:\Users\gdfe\OneDrive - Danmarks Tekniske Universitet\Dokumenter\vAMoS2\testLogs\variation1.xes","4","0","0.6","7","236"
"C:\Users\gdfe\OneDrive - Danmarks Tekniske Universitet\Dokumenter\vAMoS2\testLogs\variation1.xes","4","0","0.6","0","226"
"C:\Users\gdfe\OneDrive - Danmarks Tekniske Universitet\Dokumenter\vAMoS2\testLogs\variation1.xes","4","0","0.6","0","220"
"C:\Users\gdfe\OneDrive - Danmarks Tekniske Universitet\Dokumenter\vAMoS2\testLogs\variation1.xes","4","0","0.6","0","222"
"C:\Users\gdfe\OneDrive - Danmarks Tekniske Universitet\Dokumenter\vAMoS2\testLogs\variation1.xes","4","0","0.6","0","222"
"C:\Users\gdfe\OneDrive - Danmarks Tekniske Universitet\Dokumenter\vAMoS2\testLogs\variation1.xes","4","0","0.6","0","223"
"C:\Users\gdfe\OneDrive - Danmarks Tekniske Universitet\Dokumenter\vAMoS2\testLogs\variation1.xes","4","0","0.6","0","227"
"C:\Users\gdfe\OneDrive - Danmarks Tekniske Universitet\Dokumenter\vAMoS2\testLogs\variation1.xes","4","0","0.6","0","226"
"C:\Users\gdfe\OneDrive - Danmarks Tekniske Universitet\Dokumenter\vAMoS2\testLogs\variation1.xes","4","0","0.6","0","243"
"C:\Users\gdfe\OneDrive - Danmarks Tekniske Universitet\Dokumenter\vAMoS2\testLogs\variation1.xes","4","0","0.6","0","241"
"C:\Users\gdfe\OneDrive - Danmarks Tekniske Universitet\Dokumenter\vAMoS2\testLogs\variation1.xes","4","0","0.6","0","229"
"C:\Users\gdfe\OneDrive - Danmarks Tekniske Universitet\Dokumenter\vAMoS2\testLogs\variation1.xes","4","0","0.6","0","228"
"C:\Users\gdfe\OneDrive - Danmarks Tekniske Universitet\Dokumenter\vAMoS2\testLogs\variation1.xes","4","0","0.6","0","249"
"C:\Users\gdfe\OneDrive - Danmarks Tekniske Universitet\Dokumenter\vAMoS2\testLogs\variation1.xes","4","0","0.6","0","226"
"C:\Users\gdfe\OneDrive - Danmarks Tekniske Universitet\Dokumenter\vAMoS2\testLogs\variation1.xes","4","0","0.6","0","263"
"C:\Users\gdfe\OneDrive - Danmarks Tekniske Universitet\Dokumenter\vAMoS2\testLogs\variation1.xes","4","0","0.6","0","248"
"C:\Users\gdfe\OneDrive - Danmarks Tekniske Universitet\Dokumenter\vAMoS2\testLogs\variation1.xes","4","0","0.6","0","246"
"C:\Users\gdfe\OneDrive - Danmarks Tekniske Universitet\Dokumenter\vAMoS2\testLogs\variation1.xes","4","0","0.6","0","242"
"C:\Users\gdfe\OneDrive - Danmarks Tekniske Universitet\Dokumenter\vAMoS2\testLogs\variation1.xes","4","0","0.6","0","246"
"C:\Users\gdfe\OneDrive - Danmarks Tekniske Universitet\Dokumenter\vAMoS2\testLogs\variation1.xes","4","0","0.6","0","239"
"C:\Users\gdfe\OneDrive - Danmarks Tekniske Universitet\Dokumenter\vAMoS2\testLogs\variation1.xes","4","0","0.6","0","232"
"C:\Users\gdfe\OneDrive - Danmarks Tekniske Universitet\Dokumenter\vAMoS2\testLogs\variation1.xes","4","0","0.6","0","227"
"C:\Users\gdfe\OneDrive - Danmarks Tekniske Universitet\Dokumenter\vAMoS2\testLogs\variation1.xes","4","0","0.6","2","230"
"C:\Users\gdfe\OneDrive - Danmarks Tekniske Universitet\Dokumenter\vAMoS2\testLogs\variation1.xes","4","0","0.6","2","234"
"C:\Users\gdfe\OneDrive - Danmarks Tekniske Universitet\Dokumenter\vAMoS2\testLogs\variation1.xes","4","0","0.6","2","227"
"C:\Users\gdfe\OneDrive - Danmarks Tekniske Universitet\Dokumenter\vAMoS2\testLogs\variation1.xes","4","0","0.6","2","225"
"C:\Users\gdfe\OneDrive - Danmarks Tekniske Universitet\Dokumenter\vAMoS2\testLogs\variation1.xes","4","0","0.6","2","227"
"C:\Users\gdfe\OneDrive - Danmarks Tekniske Universitet\Dokumenter\vAMoS2\testLogs\variation1.xes","4","0","0.6","2","234"
"C:\Users\gdfe\OneDrive - Danmarks Tekniske Universitet\Dokumenter\vAMoS2\testLogs\variation1.xes","4","0","0.6","1","245"
"C:\Users\gdfe\OneDrive - Danmarks Tekniske Universitet\Dokumenter\vAMoS2\testLogs\variation1.xes","4","0","0.6","1","240"
"C:\Users\gdfe\OneDrive - Danmarks Tekniske Universitet\Dokumenter\vAMoS2\testLogs\variation1.xes","4","0","0.6","1","228"
"C:\Users\gdfe\OneDrive - Danmarks Tekniske Universitet\Dokumenter\vAMoS2\testLogs\variation1.xes","4","0","0.6","1","242"
"C:\Users\gdfe\OneDrive - Danmarks Tekniske Universitet\Dokumenter\vAMoS2\testLogs\variation1.xes","4","0","0.6","1","230"
"C:\Users\gdfe\OneDrive - Danmarks Tekniske Universitet\Dokumenter\vAMoS2\testLogs\variation1.xes","4","0","0.6","1","232"
"C:\Users\gdfe\OneDrive - Danmarks Tekniske Universitet\Dokumenter\vAMoS2\testLogs\variation1.xes","4","0","0.6","1","230"
"C:\Users\gdfe\OneDrive - Danmarks Tekniske Universitet\Dokumenter\vAMoS2\testLogs\variation1.xes","4","0","0.6","1","235"
"C:\Users\gdfe\OneDrive - Danmarks Tekniske Universitet\Dokumenter\vAMoS2\testLogs\variation1.xes","4","0","0.6","1","217"
"C:\Users\gdfe\OneDrive - Danmarks Tekniske Universitet\Dokumenter\vAMoS2\testLogs\variation1.xes","4","0","0.6","1","228"
"C:\Users\gdfe\OneDrive - Danmarks Tekniske Universitet\Dokumenter\vAMoS2\testLogs\variation1.xes","4","0","0.6","1","232"
"C:\Users\gdfe\OneDrive - Danmarks Tekniske Universitet\Dokumenter\vAMoS2\testLogs\variation1.xes","4","0","0.6","1","226"
"C:\Users\gdfe\OneDrive - Danmarks Tekniske Universitet\Dokumenter\vAMoS2\testLogs\variation1.xes","4","0","0.6","1","220"
"C:\Users\gdfe\OneDrive - Danmarks Tekniske Universitet\Dokumenter\vAMoS2\testLogs\variation1.xes","4","0","0.6","1","217"
"C:\Users\gdfe\OneDrive - Danmarks Tekniske Universitet\Dokumenter\vAMoS2\testLogs\variation1.xes","4","0","0.6","1","227"
"C:\Users\gdfe\OneDrive - Danmarks Tekniske Universitet\Dokumenter\vAMoS2\testLogs\variation1.xes","4","0","0.6","1","221"
"C:\Users\gdfe\OneDrive - Danmarks Tekniske Universitet\Dokumenter\vAMoS2\testLogs\variation1.xes","4","0","0.6","1","229"
"C:\Users\gdfe\OneDrive - Danmarks Tekniske Universitet\Dokumenter\vAMoS2\testLogs\variation1.xes","4","0","0.6","1","218"
"C:\Users\gdfe\OneDrive - Danmarks Tekniske Universitet\Dokumenter\vAMoS2\testLogs\variation1.xes","4","0","0.6","1","234"
"C:\Users\gdfe\OneDrive - Danmarks Tekniske Universitet\Dokumenter\vAMoS2\testLogs\variation1.xes","4","0","0.6","0","214"
"C:\Users\gdfe\OneDrive - Danmarks Tekniske Universitet\Dokumenter\vAMoS2\testLogs\variation1.xes","4","0","0.6","1","216"
"C:\Users\gdfe\OneDrive - Danmarks Tekniske Universitet\Dokumenter\vAMoS2\testLogs\variation1.xes","4","0","0.6","1","229"
"C:\Users\gdfe\OneDrive - Danmarks Tekniske Universitet\Dokumenter\vAMoS2\testLogs\variation1.xes","4","0","0.6","0","229"
"C:\Users\gdfe\OneDrive - Danmarks Tekniske Universitet\Dokumenter\vAMoS2\testLogs\variation1.xes","4","0","0.6","0","220"
"C:\Users\gdfe\OneDrive - Danmarks Tekniske Universitet\Dokumenter\vAMoS2\testLogs\variation1.xes","4","0","0.6","0","305"
"C:\Users\gdfe\OneDrive - Danmarks Tekniske Universitet\Dokumenter\vAMoS2\testLogs\variation1.xes","4","0","0.6","0","226"
"C:\Users\gdfe\OneDrive - Danmarks Tekniske Universitet\Dokumenter\vAMoS2\testLogs\variation1.xes","4","0","0.6","0","222"
"C:\Users\gdfe\OneDrive - Danmarks Tekniske Universitet\Dokumenter\vAMoS2\testLogs\variation1.xes","4","0","0.6","0","233"
"C:\Users\gdfe\OneDrive - Danmarks Tekniske Universitet\Dokumenter\vAMoS2\testLogs\variation1.xes","4","0","0.6","0","213"
"C:\Users\gdfe\OneDrive - Danmarks Tekniske Universitet\Dokumenter\vAMoS2\testLogs\variation1.xes","4","0","0.6","0","219"
"C:\Users\gdfe\OneDrive - Danmarks Tekniske Universitet\Dokumenter\vAMoS2\testLogs\variation1.xes","4","0","0.6","0","221"
"C:\Users\gdfe\OneDrive - Danmarks Tekniske Universitet\Dokumenter\vAMoS2\testLogs\variation1.xes","4","0","0.6","0","229"
"C:\Users\gdfe\OneDrive - Danmarks Tekniske Universitet\Dokumenter\vAMoS2\testLogs\variation1.xes","4","0","0.6","0","221"
"C:\Users\gdfe\OneDrive - Danmarks Tekniske Universitet\Dokumenter\vAMoS2\testLogs\variation1.xes","4","0","0.6","0","218"
"C:\Users\gdfe\OneDrive - Danmarks Tekniske Universitet\Dokumenter\vAMoS2\testLogs\variation1.xes","4","0","0.6","0","226"
"C:\Users\gdfe\OneDrive - Danmarks Tekniske Universitet\Dokumenter\vAMoS2\testLogs\variation1.xes","4","0","0.6","0","216"
"C:\Users\gdfe\OneDrive - Danmarks Tekniske Universitet\Dokumenter\vAMoS2\testLogs\variation1.xes","4","0","0.6","0","216"
"C:\Users\gdfe\OneDrive - Danmarks Tekniske Universitet\Dokumenter\vAMoS2\testLogs\variation1.xes","4","0","0.6","0","234"
"C:\Users\gdfe\OneDrive - Danmarks Tekniske Universitet\Dokumenter\vAMoS2\testLogs\variation1.xes","4","0","0.6","0","228"
"C:\Users\gdfe\OneDrive - Danmarks Tekniske Universitet\Dokumenter\vAMoS2\testLogs\variation1.xes","4","0","0.6","1","273"
"C:\Users\gdfe\OneDrive - Danmarks Tekniske Universitet\Dokumenter\vAMoS2\testLogs\variation1.xes","4","0","0.6","1","218"
"C:\Users\gdfe\OneDrive - Danmarks Tekniske Universitet\Dokumenter\vAMoS2\testLogs\variation1.xes","4","0","0.6","1","239"
"C:\Users\gdfe\OneDrive - Danmarks Tekniske Universitet\Dokumenter\vAMoS2\testLogs\variation1.xes","4","0","1.0","0","226"
"C:\Users\gdfe\OneDrive - Danmarks Tekniske Universitet\Dokumenter\vAMoS2\testLogs\variation1.xes","4","0","0.6","1","217"
"C:\Users\gdfe\OneDrive - Danmarks Tekniske Universitet\Dokumenter\vAMoS2\testLogs\variation1.xes","4","0","0.6","1","264"
"C:\Users\gdfe\OneDrive - Danmarks Tekniske Universitet\Dokumenter\vAMoS2\testLogs\variation1.xes","4","0","0.6","1","676"
"C:\Users\gdfe\OneDrive - Danmarks Tekniske Universitet\Dokumenter\vAMoS2\testLogs\variation1.xes","4","0","0.6","1","678"
"C:\Users\gdfe\OneDrive - Danmarks Tekniske Universitet\Dokumenter\vAMoS2\testLogs\variation1.xes","4","0","0.6","1","811"
"C:\Users\gdfe\OneDrive - Danmarks Tekniske Universitet\Dokumenter\vAMoS2\testLogs\variation1.xes","4","0","0.6","1","766"
"C:\Users\gdfe\OneDrive - Danmarks Tekniske Universitet\Dokumenter\vAMoS2\testLogs\variation1.xes","4","0","1.0","0","645"
"C:\Users\gdfe\OneDrive - Danmarks Tekniske Universitet\Dokumenter\vAMoS2\testLogs\variation1.xes","4","0","1.0","0","622"
"C:\Users\gdfe\OneDrive - Danmarks Tekniske Universitet\Dokumenter\vAMoS2\testLogs\variation1.xes","4","0","1.0","1","754"
"C:\Users\gdfe\OneDrive - Danmarks Tekniske Universitet\Dokumenter\vAMoS2\testLogs\variation1.xes","4","0","1.0","1","586"
"C:\Users\gdfe\OneDrive - Danmarks Tekniske Universitet\Dokumenter\vAMoS2\testLogs\variation1.xes","4","0","1.0","1","664"
"C:\Users\gdfe\OneDrive - Danmarks Tekniske Universitet\Dokumenter\vAMoS2\testLogs\variation1.xes","4","0","0.6","1","619"
"C:\Users\gdfe\OneDrive - Danmarks Tekniske Universitet\Dokumenter\vAMoS2\testLogs\variation1.xes","4","0","0.6","1","660"
"C:\Users\gdfe\OneDrive - Danmarks Tekniske Universitet\Dokumenter\vAMoS2\testLogs\variation1.xes","4","0","0.6","1","535"
"C:\Users\gdfe\OneDrive - Danmarks Tekniske Universitet\Dokumenter\vAMoS2\testLogs\variation1.xes","4","0","0.6","1","665"
"C:\Users\gdfe\OneDrive - Danmarks Tekniske Universitet\Dokumenter\vAMoS2\testLogs\variation1.xes","4","0","0.6","1","755"
"C:\Users\gdfe\OneDrive - Danmarks Tekniske Universitet\Dokumenter\vAMoS2\testLogs\variation1.xes","4","0","0.6","1","684"
"C:\Users\gdfe\OneDrive - Danmarks Tekniske Universitet\Dokumenter\vAMoS2\testLogs\variation1.xes","4","0","0.6","1","634"
"C:\Users\gdfe\OneDrive - Danmarks Tekniske Universitet\Dokumenter\vAMoS2\testLogs\variation2.xes","4","0","0.6","0","603"
"C:\Users\gdfe\OneDrive - Danmarks Tekniske Universitet\Dokumenter\vAMoS2\testLogs\variation2.xes","4","0","0.6","1","619"
"C:\Users\gdfe\OneDrive - Danmarks Tekniske Universitet\Dokumenter\vAMoS2\testLogs\variation2.xes","4","0","0.6","1","598"
"C:\Users\gdfe\OneDrive - Danmarks Tekniske Universitet\Dokumenter\vAMoS2\testLogs\variation2.xes","4","0","0.6","1","652"
"C:\Users\gdfe\OneDrive - Danmarks Tekniske Universitet\Dokumenter\vAMoS2\testLogs\variation2.xes","4","0","0.6","1","542"
"C:\Users\gdfe\OneDrive - Danmarks Tekniske Universitet\Dokumenter\vAMoS2\testLogs\variation2.xes","4","0","0.6","1","512"
"C:\Users\gdfe\OneDrive - Danmarks Tekniske Universitet\Dokumenter\vAMoS2\testLogs\variation2.xes","4","0","0.6","1","604"
"C:\Users\gdfe\OneDrive - Danmarks Tekniske Universitet\Dokumenter\vAMoS2\testLogs\variation2.xes","4","0","0.6","1","525"
"C:\Users\gdfe\OneDrive - Danmarks Tekniske Universitet\Dokumenter\vAMoS2\testLogs\variation2.xes","4","0","0.6","1","558"
"C:\Users\gdfe\OneDrive - Danmarks Tekniske Universitet\Dokumenter\vAMoS2\testLogs\variation2.xes","4","0","0.6","1","528"
"C:\Users\gdfe\OneDrive - Danmarks Tekniske Universitet\Dokumenter\vAMoS2\testLogs\variation2.xes","4","0","0.6","1","541"
"C:\Users\gdfe\OneDrive - Danmarks Tekniske Universitet\Dokumenter\vAMoS2\testLogs\variation2.xes","4","0","0.6","1","524"
"C:\Users\gdfe\OneDrive - Danmarks Tekniske Universitet\Dokumenter\vAMoS2\testLogs\variation2.xes","4","0","0.6","1","544"
"C:\Users\gdfe\OneDrive - Danmarks Tekniske Universitet\Dokumenter\vAMoS2\testLogs\variation2.xes","4","0","1.0","0","620"
"C:\Users\gdfe\OneDrive - Danmarks Tekniske Universitet\Dokumenter\vAMoS2\testLogs\variation2.xes","4","0","1.0","0","592"
"C:\Users\gdfe\OneDrive - Danmarks Tekniske Universitet\Dokumenter\vAMoS2\testLogs\variation2.xes","4","0","1.0","0","584"
"C:\Users\gdfe\OneDrive - Danmarks Tekniske Universitet\Dokumenter\vAMoS2\testLogs\variation2.xes","4","0","1.0","0","533"
"C:\Users\gdfe\OneDrive - Danmarks Tekniske Universitet\Dokumenter\vAMoS2\testLogs\variation2.xes","4","0","1.0","0","494"
"C:\Users\gdfe\OneDrive - Danmarks Tekniske Universitet\Dokumenter\vAMoS2\testLogs\variation2.xes","4","0","0.6","1","603"
"C:\Users\gdfe\OneDrive - Danmarks Tekniske Universitet\Dokumenter\vAMoS2\testLogs\variation2.xes","4","0","1.0","0","547"
"C:\Users\gdfe\OneDrive - Danmarks Tekniske Universitet\Dokumenter\vAMoS2\testLogs\variation2.xes","4","0","1.0","0","546"
"C:\Users\gdfe\OneDrive - Danmarks Tekniske Universitet\Dokumenter\vAMoS2\testLogs\variation2.xes","4","0","1.0","0","570"
"C:\Users\gdfe\OneDrive - Danmarks Tekniske Universitet\Dokumenter\vAMoS2\testLogs\variation2.xes","4","0","1.0","0","494"
"C:\Users\gdfe\OneDrive - Danmarks Tekniske Universitet\Dokumenter\vAMoS2\testLogs\variation2.xes","4","0","1.0","0","543"
"C:\Users\gdfe\OneDrive - Danmarks Tekniske Universitet\Dokumenter\vAMoS2\testLogs\variation2.xes","4","0","1.0","0","525"
"C:\Users\gdfe\OneDrive - Danmarks Tekniske Universitet\Dokumenter\vAMoS2\testLogs\variation2.xes","4","0","1.0","1","588"
"C:\Users\gdfe\OneDrive - Danmarks Tekniske Universitet\Dokumenter\vAMoS2\testLogs\variation2.xes","4","0","1.0","0","498"
"C:\Users\gdfe\OneDrive - Danmarks Tekniske Universitet\Dokumenter\vAMoS2\testLogs\variation2.xes","4","0","1.0","0","667"
"C:\Users\gdfe\OneDrive - Danmarks Tekniske Universitet\Dokumenter\vAMoS2\testLogs\variation2.xes","4","0","1.0","0","498"
"C:\Users\gdfe\OneDrive - Danmarks Tekniske Universitet\Dokumenter\vAMoS2\testLogs\variation2.xes","4","0","1.0","1","590"
"C:\Users\gdfe\OneDrive - Danmarks Tekniske Universitet\Dokumenter\vAMoS2\testLogs\variation2.xes","4","0","1.0","0","597"
"C:\Users\gdfe\OneDrive - Danmarks Tekniske Universitet\Dokumenter\vAMoS2\testLogs\variation2.xes","4","1","1.0","1","578"
"C:\Users\gdfe\OneDrive - Danmarks Tekniske Universitet\Dokumenter\vAMoS2\testLogs\variation2.xes","4","0","0.6","1","560"
"C:\Users\gdfe\OneDrive - Danmarks Tekniske Universitet\Dokumenter\vAMoS2\testLogs\variation2.xes","4","0","0.6","1","683"
"C:\Users\gdfe\OneDrive - Danmarks Tekniske Universitet\Dokumenter\vAMoS2\testLogs\variation2.xes","4","0","0.6","1","509"
"C:\Users\gdfe\OneDrive - Danmarks Tekniske Universitet\Dokumenter\vAMoS2\testLogs\variation2.xes","4","0","1.0","0","627"
"C:\Users\gdfe\OneDrive - Danmarks Tekniske Universitet\Dokumenter\vAMoS2\testLogs\variation2.xes","4","0","1.0","0","518"
"C:\Users\gdfe\OneDrive - Danmarks Tekniske Universitet\Dokumenter\vAMoS2\testLogs\variation2.xes","4","0","1.0","1","639"
"C:\Users\gdfe\OneDrive - Danmarks Tekniske Universitet\Dokumenter\vAMoS2\testLogs\variation2.xes","4","0","1.0","1","494"
"C:\Users\gdfe\OneDrive - Danmarks Tekniske Universitet\Dokumenter\vAMoS2\testLogs\variation2.xes","4","0","1.0","0","520"
"C:\Users\gdfe\OneDrive - Danmarks Tekniske Universitet\Dokumenter\vAMoS2\testLogs\variation2.xes","4","0","1.0","0","591"
"C:\Users\gdfe\OneDrive - Danmarks Tekniske Universitet\Dokumenter\vAMoS2\testLogs\variation2.xes","4","0","1.0","0","509"
"C:\Users\gdfe\OneDrive - Danmarks Tekniske Universitet\Dokumenter\vAMoS2\testLogs\variation2.xes","4","0","1.0","0","502"
"C:\Users\gdfe\OneDrive - Danmarks Tekniske Universitet\Dokumenter\vAMoS2\testLogs\variation2.xes","4","0","1.0","1","689"
"C:\Users\gdfe\OneDrive - Danmarks Tekniske Universitet\Dokumenter\vAMoS2\testLogs\variation2.xes","4","0","1.0","0","633"
"C:\Users\gdfe\OneDrive - Danmarks Tekniske Universitet\Dokumenter\vAMoS2\testLogs\variation2.xes","4","0","1.0","0","630"
"C:\Users\gdfe\OneDrive - Danmarks Tekniske Universitet\Dokumenter\vAMoS2\testLogs\variation2.xes","4","0","1.0","1","493"
"C:\Users\gdfe\OneDrive - Danmarks Tekniske Universitet\Dokumenter\vAMoS2\testLogs\variation2.xes","4","0","1.0","1","640"
"C:\Users\gdfe\OneDrive - Danmarks Tekniske Universitet\Dokumenter\vAMoS2\testLogs\variation2.xes","4","0","1.0","1","305"
"C:\Users\gdfe\OneDrive - Danmarks Tekniske Universitet\Dokumenter\vAMoS2\testLogs\variation2.xes","4","0","1.0","1","278"
"C:\Users\gdfe\OneDrive - Danmarks Tekniske Universitet\Dokumenter\vAMoS2\testLogs\variation2.xes","4","0","1.0","1","303"
"C:\Users\gdfe\OneDrive - Danmarks Tekniske Universitet\Dokumenter\vAMoS2\testLogs\variation2.xes","4","0","1.0","1","477"
"C:\Users\gdfe\OneDrive - Danmarks Tekniske Universitet\Dokumenter\vAMoS2\testLogs\variation2.xes","4","0","1.0","1","573"
"C:\Users\gdfe\OneDrive - Danmarks Tekniske Universitet\Dokumenter\vAMoS2\testLogs\variation2.xes","4","0","1.0","1","1289"
"C:\Users\gdfe\OneDrive - Danmarks Tekniske Universitet\Dokumenter\vAMoS2\testLogs\variation2.xes","4","0","1.0","1","378"
"C:\Users\gdfe\OneDrive - Danmarks Tekniske Universitet\Dokumenter\vAMoS2\testLogs\variation2.xes","4","0","1.0","1","575"
"C:\Users\gdfe\OneDrive - Danmarks Tekniske Universitet\Dokumenter\vAMoS2\testLogs\variation2.xes","4","0","1.0","1","664"
"C:\Users\gdfe\OneDrive - Danmarks Tekniske Universitet\Dokumenter\vAMoS2\testLogs\variation2.xes","4","0","1.0","1","614"
"C:\Users\gdfe\OneDrive - Danmarks Tekniske Universitet\Dokumenter\vAMoS2\testLogs\variation2.xes","4","0","1.0","1","597"
"C:\Users\gdfe\OneDrive - Danmarks Tekniske Universitet\Dokumenter\vAMoS2\testLogs\variation2.xes","4","0","1.0","1","593"
"C:\Users\gdfe\OneDrive - Danmarks Tekniske Universitet\Dokumenter\vAMoS2\testLogs\variation2.xes","4","0","1.0","1","555"
"C:\Users\gdfe\OneDrive - Danmarks Tekniske Universitet\Dokumenter\vAMoS2\testLogs\variation2.xes","4","0","1.0","1","943"
"C:\Users\gdfe\OneDrive - Danmarks Tekniske Universitet\Dokumenter\vAMoS2\testLogs\variation2.xes","4","0","1.0","1","628"
"C:\Users\gdfe\OneDrive - Danmarks Tekniske Universitet\Dokumenter\vAMoS2\testLogs\variation2.xes","4","0","1.0","1","563"
"C:\Users\gdfe\OneDrive - Danmarks Tekniske Universitet\Dokumenter\vAMoS2\testLogs\variation2.xes","4","0","1.0","1","582"
"C:\Users\gdfe\OneDrive - Danmarks Tekniske Universitet\Dokumenter\vAMoS2\testLogs\variation2.xes","4","0","1.0","1","605"
"C:\Users\gdfe\OneDrive - Danmarks Tekniske Universitet\Dokumenter\vAMoS2\testLogs\variation2.xes","4","0","1.0","1","575"
